feature_1,feature_2,feature_3,feature_4,feature_5,feature_6,feature_7,feature_8,feature_9,feature_14,feature_28,feature_29,feature_31,feature_32,feature_39,feature_40,feature_41,feature_42,feature_43,feature_44,feature_45,feature_46,feature_47,feature_48,feature_50,feature_51,feature_52,feature_53,feature_54,feature_55,feature_56,feature_57,feature_58,feature_59,feature_60,target
0.02,0.0371,0.0428,0.0207,0.0954,0.0986,0.1539,0.1601,0.3109,0.0645,0.808,0.6791,0.1307,0.2604,0.4943,0.2744,0.051,0.2834,0.2825,0.4256,0.2641,0.1386,0.1051,0.1343,0.0324,0.0232,0.0027,0.0065,0.0159,0.0072,0.0167,0.018,0.0084,0.009,0.0032,R
0.0519,0.0548,0.0842,0.0319,0.1158,0.0922,0.1027,0.0613,0.1465,0.3801,0.6091,0.2967,0.1318,0.0624,0.4288,0.2546,0.1151,0.2196,0.1879,0.1437,0.2146,0.236,0.1125,0.0254,0.0178,0.0052,0.0081,0.012,0.0045,0.0121,0.0097,0.0085,0.0047,0.0048,0.0053,R
0.0223,0.0375,0.0484,0.0475,0.0647,0.0591,0.0753,0.0098,0.0684,0.3598,0.7353,0.4856,0.3007,0.4096,0.168,0.2792,0.2558,0.174,0.2121,0.1099,0.0985,0.1271,0.1459,0.1164,0.0439,0.0061,0.0145,0.0128,0.0145,0.0058,0.0049,0.0065,0.0093,0.0059,0.0022,R
0.0164,0.0173,0.0347,0.007,0.0187,0.0671,0.1056,0.0697,0.0962,0.089,0.8907,0.7309,0.5829,0.4935,0.0696,0.0452,0.062,0.1421,0.1597,0.1384,0.0372,0.0688,0.0867,0.0513,0.0198,0.0118,0.009,0.0223,0.0179,0.0084,0.0068,0.0032,0.0035,0.0056,0.004,R
0.0039,0.0063,0.0152,0.0336,0.031,0.0284,0.0396,0.0272,0.0323,0.1194,0.8555,0.972,0.7502,0.7209,0.4427,0.3749,0.1972,0.0511,0.0793,0.1269,0.1533,0.069,0.0402,0.0534,0.0073,0.0062,0.0062,0.012,0.0052,0.0056,0.0093,0.0042,0.0003,0.0053,0.0036,R
0.0123,0.0309,0.0169,0.0313,0.0358,0.0102,0.0182,0.0579,0.1122,0.2557,0.8673,0.6301,0.394,0.2576,0.394,0.2522,0.1782,0.1354,0.0516,0.0337,0.0894,0.0861,0.0872,0.0445,0.0217,0.0188,0.0133,0.0265,0.0224,0.0074,0.0118,0.0026,0.0092,0.0009,0.0044,R
0.0079,0.0086,0.0055,0.025,0.0344,0.0546,0.0528,0.0958,0.1009,0.3383,0.0832,0.4019,0.1905,0.1235,0.0989,0.1089,0.1043,0.0839,0.1391,0.0819,0.0678,0.0663,0.1202,0.0692,0.0266,0.0174,0.0176,0.0127,0.0088,0.0098,0.0019,0.0059,0.0058,0.0059,0.0032,R
0.009,0.0062,0.0253,0.0489,0.1197,0.1589,0.1392,0.0987,0.0955,0.2988,0.7669,0.5081,0.538,0.5375,0.3684,0.6114,0.351,0.2312,0.2195,0.3051,0.1937,0.157,0.0479,0.0538,0.0068,0.0187,0.0059,0.0095,0.0194,0.008,0.0152,0.0158,0.0053,0.0189,0.0102,R
0.0124,0.0433,0.0604,0.0449,0.0597,0.0355,0.0531,0.0343,0.1052,0.2019,0.498,0.3333,0.1553,0.3666,0.5499,0.5018,0.3132,0.2802,0.2351,0.2298,0.1155,0.0724,0.0621,0.0318,0.0167,0.0078,0.0083,0.0057,0.0174,0.0188,0.0054,0.0114,0.0196,0.0147,0.0062,R
0.0298,0.0615,0.065,0.0921,0.1615,0.2294,0.2176,0.2033,0.1459,0.2826,0.6613,0.8028,0.5192,0.6962,0.3009,0.3163,0.2809,0.2898,0.0526,0.1867,0.1553,0.1633,0.1252,0.0748,0.0064,0.0154,0.0031,0.0153,0.0071,0.0212,0.0076,0.0152,0.0049,0.02,0.0073,R
0.027,0.0092,0.0145,0.0278,0.0412,0.0757,0.1026,0.1138,0.0794,0.1345,0.9166,0.7423,0.8473,0.7352,0.2924,0.1536,0.2003,0.2031,0.2207,0.1778,0.1353,0.1373,0.0749,0.0472,0.0179,0.0045,0.0084,0.001,0.0018,0.0068,0.0039,0.012,0.0132,0.007,0.0088,R
0.0115,0.015,0.0136,0.0076,0.0211,0.1058,0.1023,0.044,0.0931,0.1183,0.9503,1.0,0.8283,0.7571,0.1669,0.0866,0.0646,0.1891,0.2683,0.2887,0.2341,0.1668,0.1015,0.1195,0.0167,0.0107,0.0091,0.0016,0.0084,0.0064,0.0026,0.0029,0.0037,0.007,0.0041,R
0.0293,0.0644,0.039,0.0173,0.0476,0.0816,0.0993,0.0315,0.0736,0.0938,0.2862,0.5606,0.8096,0.725,0.2338,0.2382,0.3318,0.3821,0.1575,0.2228,0.1582,0.1433,0.1634,0.1133,0.0133,0.017,0.0035,0.0052,0.0083,0.0078,0.0075,0.0105,0.016,0.0095,0.0011,R
0.0201,0.0026,0.0138,0.0062,0.0133,0.0151,0.0541,0.021,0.0505,0.042,0.8357,0.9631,0.9236,0.8903,0.1374,0.3105,0.379,0.4105,0.3355,0.2998,0.2748,0.2024,0.1043,0.0453,0.0122,0.0072,0.0108,0.007,0.0063,0.003,0.0011,0.0007,0.0024,0.0057,0.0044,R
0.0151,0.032,0.0599,0.105,0.1163,0.1734,0.1679,0.1119,0.0889,0.2793,0.4926,0.4992,0.1631,0.0404,0.2405,0.198,0.3175,0.2379,0.1716,0.1559,0.1556,0.0422,0.0493,0.0476,0.0059,0.0086,0.0061,0.0015,0.0084,0.0128,0.0054,0.0011,0.0019,0.0023,0.0062,R
0.0177,0.03,0.0288,0.0394,0.063,0.0526,0.0688,0.0633,0.0624,0.5188,0.6172,0.8635,0.477,0.4983,0.1049,0.0606,0.153,0.0983,0.1643,0.1901,0.1107,0.1917,0.1467,0.0392,0.027,0.0168,0.0102,0.0122,0.0044,0.0075,0.0124,0.0099,0.0057,0.0032,0.0019,R
0.01,0.0275,0.019,0.0371,0.0416,0.0201,0.0314,0.0651,0.1896,0.1268,0.1811,0.2064,0.3791,0.2042,0.2723,0.2278,0.2044,0.1986,0.0835,0.0908,0.138,0.1948,0.1211,0.0843,0.0247,0.0118,0.0088,0.0104,0.0036,0.0088,0.0047,0.0117,0.002,0.0091,0.0058,R
0.0189,0.0308,0.0197,0.0622,0.008,0.0789,0.144,0.1451,0.1789,0.2672,0.8616,0.8339,0.2268,0.1745,0.0734,0.0202,0.1638,0.1583,0.183,0.1886,0.1008,0.0663,0.0183,0.0404,0.0143,0.0091,0.0038,0.0096,0.0142,0.019,0.014,0.0099,0.0092,0.0052,0.0075,R
0.024,0.0218,0.0324,0.0569,0.033,0.0513,0.0897,0.0713,0.0569,0.2606,0.8913,0.861,0.554,0.2446,0.1582,0.0751,0.3321,0.3745,0.2666,0.1078,0.1418,0.1687,0.0738,0.0634,0.0226,0.0061,0.0162,0.0146,0.0093,0.0112,0.0094,0.0054,0.0019,0.0066,0.0023,R
0.0084,0.0153,0.0291,0.0432,0.0951,0.0752,0.0414,0.0259,0.0692,0.0814,0.7862,0.5652,0.3534,0.3865,0.1681,0.191,0.1174,0.0933,0.0856,0.0951,0.0986,0.0956,0.0426,0.0407,0.0179,0.0056,0.0236,0.0114,0.0136,0.0117,0.006,0.0058,0.0031,0.0072,0.0045,R
0.0195,0.0213,0.0058,0.019,0.0319,0.0571,0.1004,0.0668,0.0691,0.3854,0.5487,0.472,0.3851,0.159,0.6475,0.5493,0.3548,0.2028,0.1882,0.0845,0.1315,0.159,0.0562,0.0617,0.037,0.0261,0.0157,0.0074,0.0271,0.0203,0.0089,0.0095,0.0095,0.0021,0.0053,R
0.0333,0.0221,0.027,0.0481,0.0679,0.0981,0.0843,0.1172,0.0759,0.097,0.8833,1.0,0.6601,0.5499,0.1551,0.2646,0.1994,0.1883,0.2746,0.1651,0.0575,0.0695,0.0598,0.0456,0.0068,0.0036,0.0022,0.0032,0.006,0.0054,0.0063,0.0143,0.0132,0.0051,0.0041,R
0.0123,0.0022,0.0196,0.0206,0.018,0.0492,0.0033,0.0398,0.0791,0.1943,0.9228,0.8387,0.6292,0.5181,0.0859,0.1131,0.1306,0.1757,0.2648,0.1955,0.0656,0.058,0.0319,0.0301,0.0074,0.0149,0.0125,0.0134,0.0026,0.0038,0.0018,0.0113,0.0058,0.0047,0.0071,R
0.0091,0.0213,0.0206,0.0505,0.0657,0.0795,0.097,0.0872,0.0743,0.1856,0.756,0.7466,0.4846,0.3328,0.2702,0.2598,0.2742,0.3594,0.4382,0.246,0.0758,0.0187,0.0797,0.0748,0.0155,0.03,0.0112,0.0112,0.0102,0.0026,0.0097,0.0098,0.0043,0.0071,0.0108,R
0.0068,0.0232,0.0513,0.0444,0.0249,0.0637,0.0422,0.113,0.1911,0.322,0.8558,1.0,0.8996,0.7575,0.1681,0.0842,0.1173,0.1754,0.2728,0.1705,0.0194,0.0213,0.0354,0.042,0.0204,0.0199,0.0173,0.0163,0.0055,0.0045,0.0068,0.0041,0.0052,0.0194,0.0105,R
0.0093,0.0185,0.0056,0.0064,0.026,0.0458,0.047,0.0057,0.0425,0.2768,0.7321,0.8534,0.8448,0.6354,0.2043,0.1469,0.222,0.1449,0.149,0.1211,0.1144,0.0791,0.0365,0.0152,0.012,0.0022,0.0069,0.0064,0.0129,0.0114,0.0054,0.0089,0.005,0.0058,0.0025,R
0.0211,0.0319,0.0415,0.0286,0.0121,0.0438,0.1299,0.139,0.0695,0.1871,0.7887,0.8725,0.892,0.7508,0.5915,0.4057,0.3019,0.2331,0.2931,0.2298,0.2391,0.191,0.1096,0.03,0.0383,0.0053,0.009,0.0042,0.0153,0.0106,0.002,0.0105,0.0049,0.007,0.008,R
0.0093,0.0269,0.0217,0.0339,0.0305,0.1172,0.145,0.0638,0.074,0.2673,0.9401,0.9379,0.7284,0.67,0.6605,0.4816,0.2917,0.1769,0.1136,0.0701,0.1578,0.1938,0.1106,0.0693,0.0205,0.0309,0.0212,0.0091,0.0056,0.0086,0.0092,0.007,0.0116,0.006,0.011,R
0.0408,0.0653,0.0397,0.0604,0.0496,0.1817,0.1178,0.1024,0.0583,0.2613,0.5897,0.3037,0.2787,0.7241,0.2916,0.5003,0.522,0.4824,0.4004,0.3877,0.1651,0.0442,0.0663,0.0418,0.0235,0.0066,0.0062,0.0129,0.0184,0.0069,0.0198,0.0199,0.0102,0.007,0.0055,R
0.0308,0.0339,0.0202,0.0889,0.157,0.175,0.092,0.1353,0.1593,0.3335,0.4195,0.299,0.2438,0.5624,0.4738,0.641,0.4375,0.3178,0.2377,0.2808,0.1374,0.1136,0.1034,0.0688,0.0117,0.007,0.0167,0.0127,0.0138,0.009,0.0051,0.0029,0.0122,0.0056,0.002,R
0.019,0.0038,0.0642,0.0452,0.0333,0.069,0.0901,0.1454,0.074,0.2823,0.5087,0.4817,0.4521,0.4532,0.1205,0.3845,0.4107,0.5067,0.4216,0.2479,0.1586,0.1124,0.0651,0.0789,0.007,0.0026,0.0093,0.0118,0.0112,0.0094,0.014,0.0072,0.0022,0.0055,0.0122,R
0.0119,0.0582,0.0623,0.06,0.1397,0.1883,0.1422,0.1447,0.0487,0.2113,0.6008,0.5437,0.5619,0.5141,0.0477,0.2811,0.3422,0.5147,0.4372,0.247,0.1708,0.1343,0.0838,0.0755,0.0074,0.0069,0.0025,0.0103,0.0074,0.0123,0.0069,0.0076,0.0073,0.003,0.0138,R
0.0353,0.0713,0.0326,0.0272,0.037,0.0792,0.1083,0.0687,0.0298,0.2819,0.5998,0.5583,0.7659,0.894,0.5647,0.348,0.2585,0.2304,0.2948,0.3363,0.3017,0.2193,0.1316,0.1078,0.0035,0.0098,0.0163,0.0242,0.0043,0.0202,0.0108,0.0037,0.0096,0.0093,0.0053,R
0.0131,0.0068,0.0308,0.0311,0.0085,0.0767,0.0771,0.064,0.0726,0.1619,0.6404,0.3308,0.492,0.4592,0.4603,0.446,0.4196,0.2873,0.2296,0.0949,0.0095,0.0527,0.0383,0.0107,0.0077,0.0109,0.0062,0.0028,0.004,0.0075,0.0039,0.0053,0.0013,0.0052,0.0023,R
0.0087,0.0046,0.0081,0.023,0.0586,0.0682,0.0993,0.0717,0.0576,0.2579,0.8564,0.679,0.4147,0.2946,0.2309,0.1444,0.1513,0.1745,0.1756,0.1424,0.0908,0.0138,0.0469,0.048,0.0045,0.0015,0.0052,0.0038,0.0079,0.0114,0.005,0.003,0.0064,0.0058,0.003,R
0.0293,0.0378,0.0257,0.0062,0.013,0.0612,0.0895,0.1107,0.0973,0.2039,0.9134,0.708,0.6126,0.4638,0.2724,0.188,0.1552,0.2522,0.2121,0.1801,0.1473,0.0681,0.1091,0.0919,0.0093,0.0076,0.0065,0.0072,0.0108,0.0051,0.0102,0.0041,0.0055,0.005,0.0087,R
0.0132,0.008,0.0188,0.0141,0.0436,0.0668,0.0609,0.0131,0.0899,0.2558,0.8965,0.7549,0.6463,0.5007,0.2865,0.206,0.1659,0.2633,0.2552,0.1696,0.1467,0.1286,0.0926,0.0716,0.0258,0.0136,0.0044,0.0028,0.0021,0.0022,0.0048,0.0138,0.014,0.0028,0.0064,R
0.0201,0.0116,0.0123,0.0245,0.0547,0.0208,0.0891,0.0836,0.1335,0.258,0.9785,0.8473,0.6701,0.4989,0.3392,0.2123,0.117,0.2655,0.2203,0.1541,0.1464,0.1044,0.1225,0.0745,0.0224,0.0032,0.0076,0.0045,0.0056,0.0075,0.0037,0.0045,0.0029,0.0008,0.0018,R
0.0152,0.0102,0.0113,0.0263,0.0097,0.0391,0.0857,0.0915,0.0949,0.2573,0.9578,0.8642,0.5893,0.4323,0.3312,0.222,0.0871,0.2064,0.1808,0.1624,0.112,0.0815,0.1117,0.095,0.012,0.0048,0.0049,0.0041,0.0036,0.0013,0.0046,0.0037,0.0011,0.0034,0.0033,R
0.0216,0.0124,0.0174,0.0152,0.0608,0.1026,0.1139,0.0877,0.116,0.0915,0.7949,0.799,0.6407,0.6312,0.389,0.3273,0.2509,0.153,0.1323,0.1657,0.1215,0.0978,0.0452,0.0273,0.0092,0.0018,0.0052,0.0049,0.0096,0.0134,0.0122,0.0047,0.0018,0.0006,0.0023,R
0.0225,0.0019,0.0075,0.0097,0.0445,0.0906,0.0889,0.0655,0.1624,0.1641,0.9071,0.8545,0.6499,0.6071,0.2087,0.1651,0.1836,0.0652,0.0758,0.0486,0.0353,0.0297,0.0241,0.0379,0.0073,0.0051,0.0034,0.0129,0.01,0.0044,0.0057,0.003,0.0035,0.0021,0.0027,R
0.0125,0.0152,0.0218,0.0175,0.0362,0.0696,0.0873,0.0616,0.1252,0.1274,0.8752,0.7583,0.5786,0.5128,0.1845,0.189,0.1967,0.1041,0.055,0.0492,0.0622,0.0505,0.0247,0.0219,0.0047,0.0019,0.0041,0.0074,0.003,0.005,0.0048,0.0017,0.0041,0.0086,0.0058,R
0.013,0.0006,0.0088,0.0456,0.0525,0.0778,0.0931,0.0941,0.1711,0.1236,0.9092,0.8184,0.59,0.5447,0.1831,0.175,0.1679,0.0674,0.0609,0.0375,0.0533,0.0278,0.0179,0.0114,0.0116,0.0092,0.0078,0.0041,0.0013,0.0011,0.0045,0.0039,0.0022,0.0023,0.0016,R
0.0135,0.0045,0.0051,0.0289,0.0561,0.0929,0.1031,0.0883,0.1596,0.1174,0.905,0.8228,0.5831,0.4924,0.2282,0.1193,0.1088,0.0431,0.107,0.0583,0.0046,0.0473,0.0408,0.029,0.0094,0.0025,0.0037,0.0084,0.0102,0.0096,0.0024,0.0037,0.0028,0.003,0.003,R
0.0086,0.0215,0.0242,0.0445,0.0667,0.0771,0.0499,0.0906,0.1229,0.0853,0.9858,0.9427,0.6987,0.681,0.3439,0.2366,0.1716,0.1013,0.0766,0.0845,0.026,0.0333,0.0205,0.0309,0.0095,0.0047,0.0072,0.0054,0.0022,0.0016,0.0029,0.0058,0.005,0.0024,0.003,R
0.0067,0.0096,0.0024,0.0058,0.0197,0.0618,0.0432,0.0951,0.0836,0.0593,0.8513,1.0,0.7676,0.6177,0.3384,0.2853,0.2502,0.1641,0.1605,0.1491,0.1326,0.0687,0.0602,0.0561,0.0154,0.0029,0.0048,0.0023,0.002,0.004,0.0019,0.0034,0.0034,0.0051,0.0031,R
0.0071,0.0103,0.0135,0.0494,0.0253,0.0806,0.0701,0.0738,0.0117,0.1035,0.4855,0.5206,0.6102,0.5989,0.6697,0.6326,0.5102,0.4161,0.2816,0.1705,0.1421,0.0971,0.0879,0.0863,0.0233,0.0252,0.0043,0.0048,0.0076,0.0124,0.0105,0.0054,0.0032,0.0073,0.0063,R
0.0265,0.044,0.0137,0.0084,0.0305,0.0438,0.0341,0.078,0.0844,0.1065,0.8457,0.8467,0.8055,0.626,0.5872,0.6663,0.5651,0.5247,0.3684,0.1997,0.1512,0.0508,0.0931,0.0982,0.0188,0.01,0.0038,0.0187,0.0156,0.0068,0.0097,0.0073,0.0081,0.0086,0.0095,R
0.0368,0.0403,0.0317,0.0293,0.082,0.1342,0.1161,0.0663,0.0155,0.1272,0.7003,0.6825,0.7063,0.5373,0.6431,0.672,0.6035,0.5155,0.3802,0.2278,0.1522,0.0801,0.0804,0.0752,0.0175,0.0058,0.0091,0.016,0.016,0.0081,0.007,0.0135,0.0067,0.0078,0.0068,R
0.0195,0.0142,0.0181,0.0406,0.0391,0.0249,0.0892,0.0973,0.084,0.1244,0.6897,0.9797,0.9546,0.8835,0.0699,0.1493,0.1713,0.1654,0.26,0.3846,0.3754,0.2414,0.1077,0.0224,0.0187,0.0125,0.0028,0.0067,0.012,0.0012,0.0022,0.0058,0.0042,0.0067,0.0012,R
0.0216,0.0215,0.0273,0.0139,0.0357,0.0785,0.0906,0.0908,0.1151,0.1762,0.6742,0.5537,0.3609,0.2055,0.0528,0.1291,0.2241,0.1915,0.1587,0.0942,0.084,0.067,0.0342,0.0469,0.0136,0.0082,0.014,0.0044,0.0052,0.0073,0.0021,0.0047,0.0024,0.0009,0.0017,R
0.0065,0.0122,0.0068,0.0108,0.0217,0.0284,0.0527,0.0575,0.1054,0.0911,0.5816,0.4667,0.2727,0.141,0.1847,0.2452,0.2984,0.3041,0.2275,0.148,0.1102,0.1178,0.0608,0.0333,0.01,0.0023,0.0069,0.0025,0.0027,0.0052,0.0036,0.0026,0.0036,0.0006,0.0035,R
0.0036,0.0078,0.0092,0.0387,0.053,0.1197,0.1243,0.1026,0.1239,0.1542,0.6624,0.5564,0.3233,0.2054,0.1166,0.1969,0.2619,0.2507,0.1983,0.0948,0.0931,0.0965,0.0381,0.0435,0.0055,0.0079,0.0119,0.0055,0.0035,0.0036,0.0004,0.0018,0.0049,0.0024,0.0016,R
0.0208,0.0186,0.0131,0.0211,0.061,0.0613,0.0612,0.0506,0.0989,0.1591,0.6119,0.526,0.2746,0.102,0.1762,0.2481,0.315,0.292,0.1902,0.0696,0.0758,0.091,0.0441,0.0244,0.0095,0.014,0.0074,0.0063,0.0081,0.0087,0.0044,0.0028,0.0019,0.0049,0.0023,R
0.0139,0.0222,0.0089,0.0108,0.0215,0.0136,0.0659,0.0954,0.0786,0.0848,0.7043,0.5864,0.2206,0.2628,0.2921,0.2806,0.2682,0.2112,0.1513,0.1789,0.185,0.1717,0.0898,0.0656,0.011,0.0024,0.0062,0.0072,0.0113,0.0012,0.0022,0.0025,0.0059,0.0039,0.0048,R
0.0109,0.0093,0.0121,0.0378,0.0679,0.0863,0.1004,0.0664,0.0941,0.3404,0.9134,0.6762,0.2895,0.2959,0.0371,0.0117,0.0488,0.0288,0.0597,0.0431,0.0369,0.0025,0.0327,0.0257,0.0108,0.0124,0.0077,0.0023,0.0117,0.0053,0.0077,0.0076,0.0056,0.0055,0.0039,R
0.0202,0.0104,0.0325,0.0239,0.0807,0.1529,0.1154,0.0608,0.1317,0.3046,0.7317,0.4421,0.4161,0.4611,0.1598,0.1485,0.0845,0.0569,0.0855,0.1262,0.1153,0.057,0.0426,0.0425,0.0006,0.0188,0.0127,0.0081,0.0067,0.0043,0.0065,0.0049,0.0054,0.0073,0.0054,R
0.0239,0.0189,0.0466,0.044,0.0657,0.0742,0.138,0.1099,0.1384,0.2851,0.7633,0.4434,0.4727,0.4007,0.0712,0.1062,0.0694,0.03,0.0893,0.1459,0.1348,0.0391,0.0546,0.0469,0.0095,0.0155,0.0091,0.0151,0.008,0.0018,0.0078,0.0045,0.0026,0.0036,0.0024,R
0.0336,0.0294,0.0476,0.0539,0.0794,0.0804,0.1136,0.1228,0.1235,0.3257,0.5877,0.3474,0.4633,0.341,0.0855,0.1811,0.1264,0.0799,0.0378,0.1268,0.1125,0.0505,0.0949,0.0677,0.017,0.0033,0.015,0.0111,0.0032,0.0035,0.0169,0.0137,0.0015,0.0069,0.0051,R
0.0231,0.0351,0.003,0.0304,0.0339,0.086,0.1738,0.1351,0.1063,0.4038,0.65,0.297,0.2992,0.2285,0.1331,0.1454,0.1115,0.044,0.0762,0.1381,0.0831,0.0654,0.0844,0.0595,0.0313,0.0154,0.0106,0.0097,0.0022,0.0052,0.0072,0.0056,0.0038,0.0043,0.003,R
0.0108,0.0086,0.0058,0.046,0.0752,0.0887,0.1015,0.0494,0.0472,0.2976,0.4492,0.4739,0.4929,0.3195,0.1694,0.2169,0.1677,0.0644,0.0159,0.0778,0.0653,0.021,0.0509,0.0387,0.0101,0.0161,0.0029,0.0078,0.0114,0.0083,0.0058,0.0003,0.0023,0.0026,0.0027,R
0.0229,0.0369,0.004,0.0375,0.0455,0.1452,0.2211,0.1188,0.075,0.44,0.8713,0.9013,0.438,0.1319,0.2474,0.279,0.161,0.0056,0.0351,0.1148,0.1331,0.0276,0.0763,0.0631,0.024,0.0115,0.0064,0.0022,0.0122,0.0151,0.0056,0.0026,0.0029,0.0104,0.0163,R
0.01,0.0194,0.0155,0.0489,0.0839,0.1009,0.1627,0.2071,0.2696,0.5201,0.4808,0.6291,0.6005,0.4235,0.1583,0.3151,0.1968,0.2054,0.1272,0.1129,0.1946,0.2195,0.193,0.1498,0.0196,0.0122,0.013,0.0073,0.0077,0.0075,0.006,0.008,0.0019,0.0053,0.0019,R
0.0409,0.0421,0.0573,0.013,0.0183,0.1019,0.1054,0.107,0.2302,0.484,0.6084,0.8877,0.5563,0.2897,0.0407,0.1286,0.1581,0.2191,0.1701,0.0971,0.2217,0.2732,0.1874,0.1062,0.0405,0.0113,0.0028,0.0036,0.0105,0.012,0.0087,0.0061,0.0061,0.003,0.0078,R
0.0217,0.034,0.0392,0.0236,0.1081,0.1164,0.1398,0.1009,0.1147,0.5078,0.2989,0.5009,0.5753,0.4055,0.1003,0.2396,0.2241,0.2029,0.071,0.1606,0.1669,0.17,0.1829,0.1403,0.0224,0.0095,0.0031,0.0103,0.0078,0.0077,0.0094,0.0031,0.003,0.0013,0.0069,R
0.0378,0.0318,0.0423,0.035,0.1787,0.1635,0.0887,0.0817,0.1779,0.3885,0.5002,0.5578,0.4729,0.3318,0.2569,0.3179,0.2649,0.2714,0.1713,0.0584,0.123,0.22,0.2198,0.1074,0.0162,0.0093,0.0046,0.0044,0.0078,0.0102,0.0065,0.0061,0.0062,0.0043,0.0053,R
0.0235,0.0291,0.0749,0.0519,0.0227,0.0834,0.0677,0.2002,0.2876,0.504,0.6124,0.4936,0.4906,0.182,0.1951,0.4947,0.4925,0.4041,0.2402,0.1392,0.1779,0.1946,0.1723,0.1522,0.0179,0.0242,0.0083,0.0037,0.0095,0.0105,0.003,0.0132,0.0068,0.0108,0.009,R
0.026,0.0192,0.0254,0.0061,0.0352,0.0701,0.1263,0.108,0.1523,0.263,0.7673,1.0,0.5509,0.4444,0.2561,0.2153,0.2769,0.2841,0.1733,0.0815,0.0335,0.0933,0.1018,0.0309,0.0318,0.0132,0.0118,0.012,0.0051,0.007,0.0015,0.0035,0.0008,0.0044,0.0077,R
0.0459,0.0437,0.0347,0.0456,0.0067,0.089,0.1798,0.1741,0.1598,0.5785,0.839,1.0,0.5427,0.4577,0.5178,0.4782,0.2344,0.3599,0.2785,0.1807,0.0352,0.0473,0.0322,0.0408,0.0088,0.0121,0.0067,0.0032,0.0109,0.0164,0.0151,0.007,0.0085,0.0117,0.0056,R
0.0025,0.0309,0.0171,0.0228,0.0434,0.1224,0.1947,0.1661,0.1368,0.3239,0.8516,1.0,0.4841,0.3717,0.348,0.2095,0.1901,0.2941,0.2211,0.1524,0.0746,0.0606,0.0692,0.0446,0.0082,0.0108,0.0149,0.0077,0.0036,0.0114,0.0085,0.0101,0.0016,0.0028,0.0014,R
0.0291,0.04,0.0771,0.0809,0.0521,0.1051,0.0145,0.0674,0.1294,0.1191,0.752,0.9036,0.4766,0.2483,0.552,0.3253,0.2292,0.0653,0.0,0.0,0.0,0.0,0.0,0.0,0.0,0.0,0.0056,0.0237,0.0204,0.005,0.0137,0.0164,0.0081,0.0139,0.0111,R
0.0181,0.0146,0.0026,0.0141,0.0421,0.0473,0.0361,0.0741,0.1398,0.1056,0.6385,0.797,0.5517,0.2214,0.652,0.5354,0.2478,0.2268,0.1788,0.0898,0.0536,0.0374,0.099,0.0956,0.0142,0.0076,0.0223,0.0255,0.0145,0.0233,0.0041,0.0018,0.0048,0.0089,0.0085,R
0.0162,0.0253,0.0262,0.0386,0.0645,0.0472,0.1056,0.1388,0.0598,0.569,0.0876,0.104,0.3264,0.4612,0.3676,0.151,0.0745,0.1395,0.1552,0.0377,0.0636,0.0443,0.0264,0.0223,0.0077,0.0137,0.0071,0.0082,0.0232,0.0198,0.0074,0.0035,0.01,0.0048,0.0019,M
0.0331,0.0423,0.0474,0.0818,0.0835,0.0756,0.0374,0.0961,0.0548,0.2803,0.4099,0.454,0.3139,0.3194,0.3893,0.4255,0.4064,0.3712,0.3863,0.2802,0.1283,0.1117,0.1303,0.0787,0.0224,0.0133,0.0078,0.0174,0.0176,0.0038,0.0129,0.0066,0.0044,0.0134,0.0092,M
0.0428,0.0555,0.0708,0.0618,0.1215,0.1524,0.1543,0.0391,0.061,0.3747,0.3269,0.3108,0.3367,0.4465,0.4277,0.4433,0.37,0.3324,0.2564,0.2527,0.2137,0.1789,0.101,0.0528,0.0118,0.0009,0.0142,0.0179,0.0079,0.006,0.0131,0.0089,0.0084,0.0113,0.0049,M
0.0599,0.0474,0.0498,0.0387,0.1026,0.0773,0.0853,0.0447,0.1094,0.2829,0.4113,0.4146,0.2936,0.3169,0.4737,0.3431,0.3194,0.337,0.2493,0.265,0.1748,0.0932,0.053,0.0081,0.0137,0.0028,0.0013,0.0005,0.0227,0.0209,0.0081,0.0117,0.0114,0.0112,0.01,M
0.0264,0.0071,0.0342,0.0793,0.1043,0.0783,0.1417,0.1176,0.0453,0.1968,0.5801,0.4964,0.4079,0.2443,0.3168,0.3554,0.3741,0.4443,0.3261,0.1963,0.0864,0.1688,0.1991,0.1217,0.0323,0.0253,0.0214,0.0262,0.0177,0.0037,0.0068,0.0121,0.0077,0.0078,0.0066,M
0.021,0.0121,0.0203,0.1036,0.1675,0.0418,0.0723,0.0828,0.0494,0.3087,0.7718,0.6268,0.2077,0.1198,0.325,0.4022,0.4344,0.4008,0.337,0.2518,0.2101,0.1181,0.115,0.055,0.0183,0.0104,0.0117,0.0101,0.0061,0.0031,0.0099,0.008,0.0107,0.0161,0.0133,M
0.0283,0.0599,0.0656,0.0229,0.0839,0.1673,0.1154,0.1098,0.137,0.3769,0.4454,0.3707,0.2185,0.1711,0.3763,0.4767,0.4059,0.3661,0.232,0.145,0.1017,0.1111,0.0655,0.0271,0.0179,0.0109,0.0147,0.017,0.0158,0.0046,0.0073,0.0054,0.0033,0.0045,0.0079,M
0.0114,0.0222,0.0269,0.0384,0.1217,0.2062,0.1489,0.0929,0.135,0.4394,0.6821,0.5512,0.3924,0.2533,0.2266,0.2142,0.2354,0.2871,0.2596,0.1925,0.1256,0.1003,0.0951,0.121,0.0174,0.0213,0.0269,0.0152,0.0257,0.0097,0.0041,0.005,0.0145,0.0103,0.0025,M
0.0094,0.0333,0.0306,0.0376,0.1296,0.1795,0.1909,0.1692,0.187,0.5157,0.66,0.5615,0.2331,0.1164,0.4102,0.2939,0.1911,0.1702,0.101,0.1512,0.1427,0.1097,0.1173,0.0972,0.0281,0.0216,0.0153,0.0112,0.0241,0.0164,0.0055,0.0078,0.0055,0.0091,0.0067,M
0.0228,0.0106,0.013,0.0842,0.1117,0.1506,0.1776,0.0997,0.1428,0.3316,0.752,0.7068,0.3857,0.251,0.3939,0.3806,0.3258,0.3654,0.2983,0.1779,0.1535,0.1199,0.0959,0.0765,0.0313,0.0185,0.0098,0.0178,0.0077,0.0074,0.0095,0.0055,0.0045,0.0063,0.0039,M
0.0363,0.0478,0.0298,0.021,0.1409,0.1916,0.1349,0.1613,0.1703,0.357,0.9745,0.8962,0.5462,0.3156,0.1755,0.2276,0.1322,0.1056,0.1973,0.1692,0.1881,0.1177,0.0779,0.0495,0.0194,0.025,0.0115,0.019,0.0055,0.0096,0.005,0.0066,0.0114,0.0073,0.0033,M
0.0261,0.0266,0.0223,0.0749,0.1364,0.1513,0.1316,0.1654,0.1864,0.3495,0.8798,0.772,0.4264,0.286,0.1637,0.1103,0.2144,0.2033,0.1887,0.137,0.1376,0.0307,0.0373,0.0606,0.0169,0.0135,0.0222,0.0175,0.0127,0.0022,0.0124,0.0054,0.0021,0.0028,0.0023,M
0.0346,0.0509,0.0079,0.0243,0.0432,0.0735,0.0938,0.1134,0.1228,0.2866,0.9956,0.8235,0.5342,0.4867,0.3019,0.2945,0.2978,0.2676,0.2055,0.2069,0.1625,0.1216,0.1013,0.0744,0.005,0.0146,0.004,0.0122,0.0107,0.0112,0.0102,0.0052,0.0024,0.0079,0.0031,M
0.0162,0.0041,0.0239,0.0441,0.063,0.0921,0.1368,0.1078,0.1552,0.3829,0.9128,0.7811,0.3765,0.33,0.2241,0.2715,0.3363,0.2546,0.1867,0.216,0.1278,0.0768,0.107,0.0946,0.0227,0.0128,0.0173,0.0135,0.0114,0.0062,0.0157,0.0088,0.0036,0.0053,0.003,M
0.027,0.0163,0.0341,0.0247,0.0822,0.1256,0.1323,0.1584,0.2017,0.4061,0.8105,0.6828,0.4301,0.3339,0.198,0.2412,0.2409,0.1901,0.2077,0.1767,0.1119,0.0779,0.1344,0.096,0.033,0.0197,0.0189,0.0204,0.0085,0.0043,0.0092,0.0138,0.0094,0.0105,0.0093,M
0.0388,0.0324,0.0688,0.0898,0.1267,0.1515,0.2134,0.2613,0.2832,0.4677,0.708,0.5779,0.4505,0.3129,0.1986,0.2039,0.2778,0.2879,0.1331,0.114,0.131,0.1433,0.0624,0.01,0.0131,0.0152,0.0255,0.0071,0.0263,0.0079,0.0111,0.0107,0.0068,0.0097,0.0067,M
0.0228,0.0853,0.1,0.0428,0.1117,0.1651,0.1597,0.2116,0.3295,0.4731,0.7104,0.632,0.3501,0.2447,0.1892,0.194,0.3074,0.2785,0.0308,0.1238,0.1854,0.1753,0.1079,0.0728,0.0191,0.0159,0.0172,0.0191,0.026,0.014,0.0125,0.0116,0.0093,0.0012,0.0036,M
0.0374,0.0586,0.0628,0.0534,0.0255,0.1422,0.2072,0.2734,0.307,0.595,0.3388,0.4832,0.3075,0.1267,0.2829,0.3006,0.1602,0.1483,0.2875,0.2047,0.1064,0.1395,0.1065,0.0527,0.0183,0.0353,0.0118,0.0063,0.0237,0.0032,0.0087,0.0124,0.0113,0.0098,0.0126,M
0.0164,0.0627,0.0738,0.0608,0.0233,0.1048,0.1338,0.0644,0.1522,0.1039,0.8025,0.6563,0.6655,0.5369,0.1801,0.3743,0.4627,0.1614,0.2494,0.3202,0.2265,0.1146,0.0476,0.0943,0.0171,0.0244,0.0258,0.0143,0.0226,0.0187,0.0185,0.011,0.0094,0.0078,0.0112,M
0.0209,0.0278,0.0115,0.0445,0.0427,0.0766,0.1458,0.143,0.1894,0.1378,0.0598,0.2722,0.3293,0.4855,0.2654,0.176,0.1599,0.0866,0.059,0.0813,0.0492,0.0417,0.0495,0.0367,0.0118,0.0133,0.0096,0.0014,0.0049,0.0039,0.0029,0.0078,0.0047,0.0021,0.0011,M
0.0231,0.0315,0.017,0.0226,0.041,0.0116,0.0223,0.0805,0.2365,0.3099,0.3042,0.1881,0.2286,0.3544,0.2519,0.187,0.1046,0.2339,0.1991,0.11,0.0684,0.0303,0.0674,0.0785,0.0246,0.0151,0.0125,0.0036,0.0123,0.0043,0.0114,0.0052,0.0091,0.0008,0.0092,M
0.0131,0.0201,0.0045,0.0217,0.023,0.0481,0.0742,0.0333,0.1369,0.1891,0.8546,0.8966,0.5168,0.484,0.4323,0.3314,0.1195,0.1669,0.3702,0.3072,0.0945,0.1545,0.1394,0.0772,0.023,0.0111,0.0168,0.0086,0.0045,0.0062,0.0065,0.003,0.0066,0.0029,0.0053,M
0.0233,0.0394,0.0416,0.0547,0.0993,0.1515,0.1674,0.1513,0.1723,0.3115,0.6196,0.7171,0.3554,0.2897,0.0436,0.113,0.2045,0.1937,0.0834,0.1502,0.1675,0.1058,0.1111,0.0849,0.0201,0.0071,0.0104,0.0062,0.0026,0.0025,0.0061,0.0038,0.0101,0.0078,0.0006,M
0.0117,0.0069,0.0279,0.0583,0.0915,0.1267,0.1577,0.1927,0.2361,0.3758,0.8487,0.8213,0.295,0.2758,0.0894,0.1547,0.2318,0.2225,0.1035,0.1721,0.2017,0.1787,0.1112,0.0398,0.0084,0.0039,0.0053,0.0029,0.002,0.0013,0.0029,0.002,0.0062,0.0026,0.0052,M
0.0211,0.0128,0.0015,0.045,0.0711,0.1563,0.1518,0.1206,0.1666,0.2614,0.3685,0.5765,0.4613,0.3615,0.1523,0.0996,0.1644,0.1902,0.1313,0.1776,0.2,0.0765,0.0727,0.0749,0.0134,0.0174,0.0117,0.0023,0.0047,0.0049,0.0031,0.0024,0.0039,0.0051,0.0015,M
0.0258,0.0433,0.0547,0.0681,0.0784,0.125,0.1296,0.1729,0.2794,0.2115,0.9957,0.9328,0.8854,0.769,0.3129,0.4158,0.4325,0.4031,0.4201,0.4557,0.3955,0.2966,0.2095,0.1558,0.0265,0.0121,0.0091,0.0062,0.0019,0.0045,0.0079,0.0031,0.0063,0.0048,0.005,M
0.0217,0.0152,0.0346,0.0346,0.0484,0.0526,0.0773,0.0862,0.1451,0.1689,0.6779,0.5368,0.5651,0.5749,0.2694,0.373,0.4467,0.4133,0.3743,0.3021,0.2069,0.179,0.1689,0.1341,0.0222,0.0205,0.0123,0.0067,0.0011,0.0026,0.0049,0.0029,0.0022,0.0022,0.0032,M
0.0072,0.0027,0.0089,0.0061,0.042,0.0865,0.1182,0.0999,0.1976,0.0708,0.3036,0.0144,0.4335,0.4918,0.1878,0.325,0.2575,0.2423,0.2706,0.2323,0.1724,0.1457,0.1175,0.0868,0.0131,0.0092,0.0078,0.0071,0.0081,0.0034,0.0064,0.0037,0.0036,0.0012,0.0037,M
0.0221,0.0065,0.0164,0.0487,0.0519,0.0849,0.0812,0.1833,0.2228,0.1893,0.396,0.3856,0.7309,0.8549,0.3607,0.5208,0.5177,0.3702,0.224,0.0816,0.0395,0.0785,0.1052,0.1034,0.0216,0.0167,0.0089,0.0051,0.0015,0.0075,0.0058,0.0016,0.007,0.0074,0.0038,M
0.0137,0.0297,0.0116,0.0082,0.0241,0.0253,0.0279,0.013,0.0489,0.1023,1.0,0.8247,0.3349,0.0877,0.6795,0.4713,0.2355,0.1704,0.2728,0.4016,0.4125,0.347,0.2739,0.179,0.0276,0.0169,0.0081,0.004,0.0025,0.0036,0.0058,0.0067,0.0035,0.0043,0.0033,M
0.0015,0.0186,0.0289,0.0195,0.0515,0.0817,0.1005,0.0124,0.1168,0.1334,0.9649,0.8747,0.2184,0.2945,0.4513,0.3004,0.2674,0.2241,0.3141,0.3693,0.2986,0.2226,0.0849,0.0359,0.0122,0.0045,0.0108,0.0075,0.0089,0.0036,0.0029,0.0013,0.001,0.0032,0.0047,M
0.013,0.012,0.0436,0.0624,0.0428,0.0349,0.0384,0.0446,0.1318,0.1444,1.0,0.8881,0.2707,0.1746,0.4708,0.3482,0.3508,0.3181,0.3524,0.3659,0.2846,0.1714,0.0694,0.0303,0.0116,0.0024,0.0084,0.01,0.0018,0.0035,0.0058,0.0011,0.0009,0.0033,0.0026,M
0.0134,0.0172,0.0178,0.0363,0.0444,0.0744,0.08,0.0456,0.0368,0.1472,0.8645,0.722,0.1357,0.2951,0.4276,0.2702,0.2642,0.3342,0.4335,0.4542,0.396,0.2525,0.1084,0.0372,0.0099,0.0046,0.0094,0.0048,0.0047,0.0016,0.0008,0.0042,0.0024,0.0027,0.0041,M
0.018,0.0444,0.0476,0.0698,0.1615,0.0887,0.0596,0.1071,0.3175,0.2587,0.9238,0.8519,0.5772,0.519,0.3359,0.2771,0.3648,0.3834,0.3453,0.2096,0.1031,0.0798,0.0701,0.0526,0.0117,0.0122,0.0122,0.0114,0.0098,0.0027,0.0025,0.0026,0.005,0.0073,0.0022,M
0.0329,0.0216,0.0386,0.0627,0.1158,0.1482,0.2054,0.1605,0.2532,0.2067,0.609,0.5112,0.0482,0.1852,0.3648,0.4441,0.3859,0.2813,0.1238,0.0953,0.1201,0.0825,0.0618,0.0141,0.0124,0.0104,0.0095,0.0151,0.0059,0.0015,0.0053,0.0016,0.0042,0.0053,0.0074,M
0.0191,0.0173,0.0291,0.0301,0.0463,0.069,0.0576,0.1103,0.2423,0.344,0.6957,0.4536,0.2522,0.3964,0.5683,0.5505,0.3231,0.0448,0.3131,0.3387,0.413,0.3639,0.2069,0.0859,0.0267,0.0125,0.004,0.0136,0.0137,0.0172,0.0132,0.011,0.0122,0.0114,0.0068,M
0.0294,0.0123,0.0117,0.0113,0.0497,0.0998,0.1326,0.1117,0.2984,0.4398,0.7544,0.4661,0.3849,0.4674,0.2863,0.2634,0.0541,0.1874,0.3459,0.4646,0.4366,0.2581,0.1319,0.0505,0.0059,0.0041,0.0056,0.0104,0.0079,0.0014,0.0054,0.0015,0.0006,0.0081,0.0043,M
0.0635,0.0709,0.0453,0.0333,0.0185,0.126,0.1015,0.1918,0.3362,0.4343,0.736,0.4158,0.328,0.369,0.1817,0.1142,0.122,0.2621,0.4461,0.4726,0.3263,0.1423,0.039,0.0406,0.0086,0.0154,0.0048,0.0025,0.0087,0.0072,0.0095,0.0086,0.0085,0.004,0.0051,M
0.0201,0.0165,0.0344,0.033,0.0397,0.0443,0.0684,0.0903,0.1739,0.3002,0.8664,0.7896,0.5351,0.4056,0.3765,0.3051,0.1921,0.1184,0.1984,0.157,0.066,0.1294,0.0797,0.0052,0.0152,0.0125,0.0054,0.0057,0.0137,0.0109,0.0035,0.0056,0.0105,0.0082,0.0036,M
0.0197,0.0394,0.0384,0.0076,0.0251,0.0629,0.0747,0.0578,0.1357,0.3297,0.9582,0.899,0.6108,0.548,0.3326,0.4021,0.3009,0.2075,0.1206,0.0255,0.0298,0.0691,0.0781,0.0777,0.0057,0.0091,0.0134,0.0097,0.0042,0.0058,0.0072,0.0041,0.0045,0.0047,0.0054,M
0.0394,0.042,0.0446,0.0551,0.0597,0.1416,0.0956,0.0802,0.1618,0.3951,0.7834,0.9619,0.8086,0.5558,0.2287,0.3228,0.3454,0.3882,0.324,0.0926,0.1173,0.0566,0.0766,0.0969,0.005,0.0118,0.0146,0.004,0.0114,0.0032,0.0062,0.0101,0.0068,0.0053,0.0087,M
0.0368,0.0279,0.0103,0.0566,0.0759,0.0679,0.097,0.1473,0.2164,0.3187,0.9458,1.0,0.5524,0.4795,0.1029,0.2244,0.3717,0.4449,0.3939,0.203,0.201,0.2187,0.184,0.1477,0.0224,0.0151,0.0105,0.0024,0.0018,0.0057,0.0092,0.0009,0.0086,0.011,0.0052,M
0.0089,0.0274,0.0248,0.0237,0.0224,0.0845,0.1488,0.1224,0.1569,0.2547,1.0,0.9806,0.4973,0.502,0.1583,0.2631,0.3103,0.4512,0.3785,0.1269,0.1459,0.1092,0.1485,0.1385,0.0176,0.0199,0.0096,0.0103,0.0093,0.0025,0.0044,0.0021,0.0069,0.006,0.0018,M
0.0158,0.0239,0.015,0.0494,0.0988,0.1425,0.1463,0.1219,0.1697,0.2986,1.0,0.9815,0.5848,0.4192,0.1666,0.2574,0.2258,0.2777,0.1613,0.1335,0.1976,0.1234,0.1554,0.1057,0.0097,0.0223,0.0121,0.0108,0.0057,0.0028,0.0079,0.0034,0.0046,0.0022,0.0021,M
0.0156,0.021,0.0282,0.0596,0.0462,0.0779,0.1365,0.078,0.1038,0.2956,0.9915,0.9223,0.6167,0.5069,0.2356,0.2483,0.2437,0.2715,0.1184,0.1157,0.1449,0.1883,0.1954,0.1492,0.0155,0.0189,0.015,0.006,0.0082,0.0091,0.0038,0.0056,0.0056,0.0048,0.0024,M
0.0315,0.0252,0.0167,0.0479,0.0902,0.1057,0.1024,0.1209,0.1241,0.2803,1.0,0.899,0.5967,0.4355,0.2452,0.2407,0.2518,0.3184,0.1685,0.0675,0.1186,0.1833,0.1878,0.1114,0.0143,0.0138,0.0108,0.0062,0.0044,0.0072,0.0007,0.0054,0.0035,0.0001,0.0055,M
0.0056,0.0267,0.0221,0.0561,0.0936,0.1146,0.0706,0.0996,0.1673,0.2637,1.0,0.8888,0.6083,0.4463,0.2404,0.2046,0.197,0.2778,0.1377,0.0685,0.0664,0.1665,0.1807,0.1245,0.0044,0.0185,0.0072,0.0055,0.0074,0.0068,0.0084,0.0037,0.0024,0.0034,0.0007,M
0.0203,0.0121,0.038,0.0128,0.0537,0.0874,0.1021,0.0852,0.1136,0.1727,0.9769,0.8937,0.65,0.5069,0.2736,0.2152,0.2438,0.3154,0.2112,0.0991,0.0594,0.194,0.1937,0.1082,0.0177,0.0209,0.0134,0.0094,0.0047,0.0045,0.0042,0.0028,0.0036,0.0013,0.0016,M
0.0392,0.0108,0.0267,0.0257,0.041,0.0491,0.1053,0.169,0.2105,0.2294,0.9812,0.9464,0.6457,0.3397,0.1652,0.1043,0.1066,0.211,0.2417,0.1631,0.0769,0.0723,0.0912,0.0812,0.0101,0.0089,0.0083,0.008,0.0026,0.0079,0.0042,0.0071,0.0044,0.0022,0.0014,M
0.0129,0.0141,0.0309,0.0375,0.0767,0.0787,0.0662,0.1108,0.1777,0.2917,0.9595,0.8722,0.4901,0.328,0.1066,0.138,0.0665,0.1475,0.247,0.2788,0.2709,0.2283,0.1818,0.1185,0.0219,0.0204,0.0124,0.0093,0.0072,0.0019,0.0027,0.0054,0.0017,0.0024,0.0029,M
0.005,0.0017,0.027,0.045,0.0958,0.083,0.0879,0.122,0.1977,0.2614,1.0,0.9036,0.3857,0.2908,0.0621,0.0426,0.0572,0.1068,0.1909,0.2229,0.2203,0.2265,0.1766,0.1097,0.0142,0.0281,0.0165,0.0056,0.001,0.0027,0.0062,0.0024,0.0063,0.0017,0.0028,M
0.0366,0.0421,0.0504,0.025,0.0596,0.0252,0.0958,0.0991,0.1419,0.2291,0.9471,0.8237,0.4181,0.3209,0.1215,0.1282,0.0386,0.1329,0.2331,0.2468,0.196,0.1985,0.157,0.0921,0.0194,0.0166,0.0132,0.0027,0.0022,0.0059,0.0016,0.0025,0.0017,0.0027,0.0027,M
0.0238,0.0318,0.0422,0.0399,0.0788,0.0766,0.0881,0.1143,0.1594,0.1918,0.9739,0.8446,0.4302,0.3165,0.1072,0.1082,0.036,0.1197,0.2061,0.2054,0.1878,0.2047,0.1716,0.1069,0.017,0.0186,0.0096,0.0071,0.0084,0.0038,0.0026,0.0028,0.0013,0.0035,0.006,M
0.0116,0.0744,0.0367,0.0225,0.0076,0.0545,0.111,0.1069,0.1708,0.2307,0.9818,0.8684,0.3997,0.3242,0.1439,0.1475,0.0438,0.0469,0.1476,0.1742,0.1555,0.1651,0.1181,0.072,0.0056,0.0202,0.0141,0.0103,0.01,0.0034,0.0026,0.0037,0.0044,0.0057,0.0035,M
0.0131,0.0387,0.0329,0.0078,0.0721,0.1341,0.1626,0.1902,0.261,0.1926,0.9315,0.8326,0.3772,0.2822,0.1416,0.146,0.0846,0.1055,0.1639,0.1916,0.2085,0.2335,0.1964,0.13,0.0183,0.0137,0.015,0.0076,0.0032,0.0037,0.0071,0.004,0.0009,0.0015,0.0085,M
0.0335,0.0258,0.0398,0.057,0.0529,0.1091,0.1709,0.1684,0.1865,0.1965,0.9955,0.8576,0.3934,0.2464,0.0894,0.1127,0.0873,0.102,0.1964,0.2256,0.1814,0.2012,0.1688,0.1037,0.0136,0.013,0.012,0.0039,0.0053,0.0062,0.0046,0.0045,0.0022,0.0005,0.0031,M
0.0272,0.0378,0.0488,0.0848,0.1127,0.1103,0.1349,0.2337,0.3113,0.176,1.0,0.7896,0.6472,0.6505,0.188,0.1108,0.1702,0.0585,0.0638,0.1391,0.0638,0.0581,0.0641,0.1044,0.0275,0.0146,0.0091,0.0045,0.0043,0.0043,0.0098,0.0054,0.0051,0.0065,0.0103,M
0.0187,0.0346,0.0168,0.0177,0.0393,0.163,0.2028,0.1694,0.2328,0.0994,1.0,0.8104,0.6041,0.5547,0.1676,0.12,0.1201,0.1036,0.1977,0.1339,0.0902,0.1085,0.1521,0.1363,0.029,0.0203,0.0116,0.0098,0.0199,0.0033,0.0101,0.0065,0.0115,0.0193,0.0157,M
0.0323,0.0101,0.0298,0.0564,0.076,0.0958,0.099,0.1018,0.103,0.1402,1.0,0.9092,0.7691,0.7117,0.1768,0.0345,0.1562,0.0824,0.1149,0.1694,0.0954,0.008,0.079,0.1255,0.0179,0.0051,0.0061,0.0093,0.0135,0.0063,0.0063,0.0034,0.0032,0.0062,0.0067,M
0.0522,0.0437,0.018,0.0292,0.0351,0.1171,0.1257,0.1178,0.1258,0.0983,1.0,0.863,0.7717,0.7305,0.1929,0.0325,0.149,0.0328,0.0537,0.1309,0.091,0.0757,0.1059,0.1005,0.0235,0.0155,0.016,0.0029,0.0051,0.0062,0.0089,0.014,0.0138,0.0077,0.0031,M
0.0303,0.0353,0.049,0.0608,0.0167,0.1354,0.1465,0.1123,0.1945,0.0273,0.8297,0.7032,0.6893,0.4961,0.1349,0.0849,0.0492,0.1367,0.1552,0.1548,0.1319,0.0985,0.1258,0.0954,0.0241,0.0042,0.0086,0.0046,0.0126,0.0036,0.0035,0.0034,0.0079,0.0036,0.0048,M
0.026,0.0363,0.0136,0.0272,0.0214,0.0338,0.0655,0.14,0.1843,0.0336,0.7603,0.7123,0.7622,0.4567,0.0959,0.0768,0.0847,0.2076,0.2505,0.1862,0.1439,0.147,0.0991,0.0041,0.0116,0.0181,0.0146,0.0129,0.0047,0.0039,0.0061,0.004,0.0036,0.0061,0.0115,M
